category,title
Sport,Argentinian Tennis Player Juan Martín del Potro Wins Olympic Gold
Health,Ayurvedic Medicine: Traditional Healing from India
Business,Samsung Launches Research Center for Quantum Computing in Europe
Sport,Kenyan Runner Eliud Kipchoge Breaks Two-Hour Marathon Barrier
Health,Traditional Chinese Medicine: Holistic Healing Practices
Business,Alibaba Expands E-commerce Operations in Southeast Asia
Sport,Brazilian Soccer Star Marta Wins FIFA Women's World Cup
Health,Japanese Forest Bathing: Shinrin-Yoku for Wellness
Business,Tencent Invests in Artificial Intelligence Development in Africa
Sport,Spanish Golfer Jon Rahm Wins US Open Championship
Health,Nordic Lifestyle: Wellness Secrets from Scandinavia
Business,Samsung Ventures into Renewable Energy Solutions in Latin America
Sport,Russian Figure Skater Alina Zagitova Wins Olympic Gold
Health,Traditional Aboriginal Healing: Connection to Nature and Community
Business,Sony Launches Innovation Center for Robotics in Asia
Sport,French Tennis Player Gaël Monfils Wins French Open
Health,Greek Mediterranean Diet: Health Benefits of Olive Oil and Fresh Produce
Business,Alibaba Partners with Middle Eastern Companies for Digital Transformation
Sport,Chinese Swimmer Sun Yang Wins Olympic Gold
Health,German Spa Culture: Wellness Retreats and Thermal Baths
Business,Tencent Expands Digital Payment Services in South America
Sport,British Cyclist Chris Froome Wins Tour de France
Health,Finnish Sauna Tradition: Relaxation and Stress Relief
Business,Samsung Collaborates with Indian Startups for Tech Innovation
Sport,Canadian Basketball Team Wins FIBA World Cup
Health,Maori Healing Traditions: Rongo? for Well-being
Business,Alibaba Launches Cloud Computing Services in Australia
Sport,South African Rugby Team Springboks Wins Rugby World Cup
Health,Korean Temple Stay: Mindfulness and Inner Peace
Business,Tencent Invests in European Gaming Companies
Sport,Swiss Skier Lara Gut Wins Alpine Skiing World Cup
Health,Thai Herbal Medicine: Natural Remedies and Healing
Business,Samsung Expands Semiconductor Manufacturing in North America
Sport,German Football Team FC Bayern Munich Wins UEFA Champions League
Health,"Indian Yoga Practices: Union of Mind, Body, and Spirit"
Business,Alibaba Acquires Southeast Asian E-commerce Platform
Sport,Italian Cyclist Vincenzo Nibali Wins Giro d'Italia
Health,Mexican Traditional Medicine: Healing Wisdom of Mesoamerica
Business,Tencent Launches Digital Entertainment Platform in Africa
Sport,Japanese Gymnast Kohei Uchimura Wins Olympic Gold
Health,Greek Philosophical Wisdom: Stoicism for Resilience
Business,Samsung Announces Investment in Sustainable Packaging Solutions
Sport,Australian Surfer Stephanie Gilmore Wins World Title
Health,Icelandic Hot Springs: Geothermal Therapy for Relaxation
Business,Alibaba Partners with Latin American Retailers for E-commerce Growth
Sport,Spanish Golfer Sergio García Wins The Masters Tournament
Health,Swedish Lagom: Balanced Living for Health and Happiness
Business,Tencent Expands Cloud Computing Services in Asia-Pacific
Sport,Brazilian MMA Fighter Amanda Nunes Wins UFC Championship
Health,Japanese Kampo Medicine: Herbal Healing Tradition
Business,Samsung Launches 6G Research Initiative
Sport,Canadian Ice Hockey Team Wins Olympic Gold
Health,Brazilian Capoeira: Martial Arts and Movement for Wellness
Business,Alibaba Ventures into Health Tech Innovation in Europe
Sport,French Tennis Player Amélie Mauresmo Wins Wimbledon
Health,Thai Massage: Therapeutic Benefits for Body and Mind
Business,Tencent Invests in Latin American Tech Startups
Sport,German Formula 1 Driver Sebastian Vettel Wins Monaco Grand Prix
Health,Maasai Healing Traditions: Natural Remedies and Community Care
Business,Samsung Expands Smart Home Solutions in Oceania
Sport,Russian Figure Skater Evgeni Plushenko Wins Olympic Gold
Health,Korean Acupuncture: Traditional Healing Art for Wellness
Business,Alibaba Launches Digital Payment System in Africa
Sport,Italian Cyclist Gino Bartali Wins Tour de France
Health,Mexican Curanderismo: Spiritual Healing and Rituals
Business,Tencent Partners with Middle Eastern Companies for Digital Innovation
Sport,Japanese Gymnast K?hei Uchimura Wins Olympic Gold
Health,Greek Mediterranean Diet: Nutrition for Heart Health
Business,Samsung Invests in Renewable Energy Projects in South America
Sport,Brazilian Soccer Player Neymar Jr. Wins FIFA World Cup
Health,Japanese Shinrin-Yoku: Forest Bathing for Stress Reduction
Business,Alibaba Expands Cloud Computing Services in Asia
Sport,Spanish Tennis Player Rafael Nadal Wins French Open
Health,Nordic Sauna Rituals: Thermal Baths for Relaxation
Business,Tencent Invests in Indian Tech Startups for Digital Growth
Sport,Swiss Tennis Player Roger Federer Wins Australian Open
Health,Finnish Sisu: Mental Resilience and Inner Strength
Business,Samsung Launches Research Center for Artificial Intelligence in Europe
Sport,South African Sprinter Wayde van Niekerk Wins Olympic Gold
Health,Korean Hanjeungmak: Healing Benefits of Traditional Saunas
Business,Alibaba Expands E-commerce Platform in Latin America
Sport,Canadian Ice Hockey Team Wins Stanley Cup
Health,Australian Aboriginal Healing: Traditional Medicine and Culture
Business,Tencent Invests in European Video Game Developers
Sport,French Tennis Player René Lacoste Wins Wimbledon
Health,Thai Herbal Medicine: Natural Remedies for Wellness
Business,Samsung Launches Innovation Center for Robotics in Asia
Sport,Russian Gymnast Aliya Mustafina Wins Olympic Gold
Health,Greek Mediterranean Diet: Nutrition for Longevity
Business,Alibaba Partners with Middle Eastern Retailers for E-commerce Growth
Sport,Japanese Judo Champion Tadahiro Nomura Wins Olympic Gold
Health,Nordic Lifestyle: Wellness Secrets for Happiness
Business,Tencent Expands Digital Payment Services in Southeast Asia
Sport,Spanish Cyclist Alberto Contador Wins Tour de France
Health,Finnish Sauna Tradition: Relaxation and Stress Relief
Business,Samsung Collaborates with Indian Startups for Tech Innovation
Sport,British Cyclist Bradley Wiggins Wins Tour de France
Health,Indian Ayurvedic Medicine: Ancient Healing for Modern Times
Business,Alibaba Launches Cloud Computing Services in Australia
Sport,South African Sprinter Caster Semenya Wins Olympic Gold
Health,Korean Temple Stay: Mindfulness and Inner Peace
Business,Tencent Invests in European Gaming Companies
Sport,Swiss Tennis Player Stan Wawrinka Wins US Open
Health,Thai Herbal Medicine: Natural Remedies and Healing
Business,Samsung Expands Semiconductor Manufacturing in North America
Sport,German Football Team FC Bayern Munich Wins UEFA Champions League
Health,"Indian Yoga Practices: Union of Mind, Body, and Spirit"
Business,Alibaba Acquires Southeast Asian E-commerce Platform
Sport,Italian Cyclist Vincenzo Nibali Wins Giro d'Italia
Health,Mexican Traditional Medicine: Healing Wisdom of Mesoamerica
Business,Tencent Launches Digital Entertainment Platform in Africa
Sport,Japanese Gymnast Kohei Uchimura Wins Olympic Gold
Health,Greek Philosophical
